Original Name,Email,Score,Comment,Response Timestamp,Access Level,Company ID,Company Name,Delighted Country,Domain,Industry,Manager,MRR,Title,First Name,Last Name,Other Name 1,Other Name 2,Other Name 3
Kenneth Sejberg,kse@simplesolution.dk,Zero,,2/24/2020,professional,194190.0,Simple Solution,Denmark,simplesolution.accelo.com,it-consulting,Marie Barker,2070.0,Zero,Kenneth,Sejberg,,,
Valentina Schichl,valentina.schichl@kaiser-x.com,2,,2/21/2020,professional,199938.0,Kaiser X Labs,Germany,kaiserxlabs.accelo.com,it-consulting,Marie Barker,4182.0,2,Valentina,Schichl,,,
Velton Davis,velton@prospergroupcorp.com,3,"Very slow, convoluted, several errors.",2/19/2020,professional,175217.0,The Prosper Group,United States,prosper-group-corp.accelo.com,digital-marketing,Marie Barker,2530.0,3,Velton,Davis,,,
Francesca McMaster ,fmcmaster@extent.com.au,Zero,,2/23/2020,professional,180972.0,Extent Heritage,Australia,extent.accelo.com,other,Amy Stewart,2450.0,Zero,Francesca,McMaster,,,
Plamen | Verve?,plamen@verve-design.co.uk,Zero,,2/23/2020,professional,152975.0,Verve Graphic Design & Marketing,United Kingdom,verve.accelo.com,web-design,Clay Hagen,759.0,Zero,Plamen,Verve,,,
Josh Marks,Josh.Marks@iptel.com.au,Zero,,2/20/2020,professional,183460.0,IPTel Solutions,Australia,iptel-solutions.accelo.com,engineering,Tom Ryan,1659.0,Zero,Josh,Marks,,,
Chris Bennett,chris@itengine.co.nz,2,,2/22/2020,professional,155747.0,IT Engine,New Zealand,it-engine.accelo.com,it-consulting,Marie Barker,1449.0,2,Chris,Bennett,,,
Sara Moser,smoser@square2marketing.com,3,,2/21/2020,professional,194819.0,Square2Marketing,United States,square2.accelo.com,digital-marketing,Anna Wagener,3036.0,3,Sara,Moser,,,
Jessica Owens,owens@ntara.com,4,slow,2/21/2020,professional,169970.0,Ntara,United States,ntara.accelo.com,digital-marketing,Tom Ryan,3450.0,4,Jessica,Owens,,,
Mike Johnson,mike@thomascreativesolutions.com,Zero,,2/21/2020,professional,175042.0,Thomas Creative Solutions,United States,thomascreative.accelo.com,other,Andrew Carter,264.0,Zero,Mike,Johnson,,,
Ben Bryant,ben@rovconsulting.ca,Zero,,2/21/2020,professional,134092.0,ROV Consulting Inc,Canada,rov.accelo.com,engineering,Marie Barker,468.0,Zero,Ben,Bryant,,,
Spencer Jenkins,spencer.jenkins@willowtreeapps.com,Zero,,2/19/2020,professional,148958.0,"WillowTree, LLC",United States,willowtree.accelo.com,web-design,Tom Ryan,14710.0,Zero,Spencer,Jenkins,,,
Patrick Gatewood,patrick.gatewood@willowtreeapps.com,Zero,"I'm an employee who doesn't talk about my time logging software... But if I did give a rating, I think I would ding it one level due to the frequency of these ",2/19/2020,professional,148958.0,"WillowTree, LLC",United States,willowtree.accelo.com,web-design,Tom Ryan,14710.0,Zero,Patrick,Gatewood,,,
Todd Huffine,thuffine@appliedart.com,Zero,"Clunky, bloated, not user friendly.",2/21/2020,professional,134637.0,Applied Art & Technology,United States,appliedart.accelo.com,digital-marketing,Marie Barker,966.0,Zero,Todd,Huffine,,,
Charles Stimec,cs@solutech.com,Zero,,2/21/2020,professional,116784.0,Solutech,Saint Barth√©lemy,solutech.accelo.com,it-consulting,Clay Hagen,1311.0,Zero,Charles,Stimec,,,
Jodie Goble,jodie.goble@pacejet.com,Zero,,2/21/2020,professional,96180.0,"Pacejet Logistics, Inc",United States,pacejet.accelo.com,it-consulting,Clay Hagen,1656.0,Zero,Jodie,Goble,,,
Esin Ustundag,esin@ecobin.com.au,Zero,,2/20/2020,professional,,The Planet Earth,Australia,theplanetearth.accelo.com,other,Justin Weeder,474.0,Zero,Esin,Ustundag,,,
Kareem Schwarz,kareem@supportmymac.ca,Zero,Generally overwrought design. Way too many menus/submenus/options etc for the functionality it provides.,2/20/2020,professional,,SupportMyMac,Canada,supportmymac.accelo.com,it-consulting,Tom Ryan,483.0,Zero,Kareem,Schwarz,,,
Tom Dawson,TDawson@leapit.co.uk,Zero,,2/21/2020,professional,,Leap IT Ltd,United Kingdom,leapit.accelo.com,it-consulting,Marie Barker,1003.0,Zero,Tom,Dawson,,,
Ashwin Charles,Ashwin.Charles@fp.co.nz,Zero,,2/23/2020,professional,,Fisher & Paykel Appliances,New Zealand,fisherpaykel.accelo.com,other,Amy Stewart,5106.0,Zero,Ashwin,Charles,,,
James Mumford,james.mumford@clean-tech.com.au,Zero,,2/20/2020,professional,,Clean Technology Partners,Australia,clean-technology-partners.accelo.com,engineering,Amy Stewart,884.0,Zero,James,Mumford,,,
Brandon Greiner,brandon@liveuptothehype.com,Zero,,2/19/2020,professional,,Hypertek Solutions,United States,hypertek-solutions.accelo.com,it-consulting,Ninja Billing,292.2,Zero,Brandon,Greiner,,,
Gerald Smith,Gerald.Smith@fp.co.nz,Zero,,2/23/2020,professional,,Fisher & Paykel Appliances,New Zealand,fisherpaykel.accelo.com,other,Amy Stewart,5106.0,Zero,Gerald,Smith,,,
Dan Sirower,dsirower@r3inc.com,Zero,It sucks,2/20/2020,professional,,R3,United States,r3.accelo.com,it-consulting,Ninja Billing,1264.0,Zero,Dan,Sirower,,,
Tomasz Buklaho,tomasz@borndigital.co.nz,Zero,,2/18/2020,professional,,Born Digital,New Zealand,born-digital.accelo.com,web-design,Amy Stewart,1869.0,Zero,Tomasz,Buklaho,,,
Matt Douglas,matt.douglas@hgc.solutions,Zero,,2/18/2020,professional,,Higher Ground Consulting,Canada,higher-ground-consulting.accelo.com,engineering,Marie Barker,936.0,Zero,Matt,Douglas,,,
Gavin Steinberg,gsteinberg@satorigroup.com.au,1,"Been disappointed with some lack of basic features which we assumed or understood would be in Acello.  Makes reporting and using tedious.  eg: ability to modify what you see on screen and therefore less having to export to excel/format,filter to see data. Lots more
",2/19/2020,admin,189783.0,Satori,Australia,satori.accelo.com,digital-marketing,Amy Stewart,2760.0,1,Gavin,Steinberg,,,
Matthew Scholten,matthew@elliottaccounting.com.au,1,,2/19/2020,admin,,Elliott Accounting,Australia,elliott-accounting.accelo.com,accounting-practice,Josh Rotenberg,621.0,1,Matthew,Scholten,,,
Samuel Tomkins,samuel@solutionsoutsourced.com.au,1,,2/19/2020,professional,,Solutions Outsourced Pty Ltd,Australia,solutions-outsourced.accelo.com,accounting-practice,Tom Ryan,429.0,1,Samuel,Tomkins,,,
Salvador Fernandez Tejedo,salvador@dix-it.ch,2,Awful support and customer care.,2/24/2020,admin,187243.0,DixIT,Switzerland,dixit.accelo.com,it-consulting,,79.0,2,Salvador,Fernandez,Tejedo,,
Monica Popplestone,mpopplestone@extent.com.au,2,,2/23/2020,admin,180972.0,Extent Heritage,Australia,extent.accelo.com,other,Amy Stewart,2450.0,2,Monica,Popplestone,,,
Bobi Gavrovski,bobi.gavrovski@halight.com,2,,2/20/2020,professional,,HALIGHT,Canada,halight.accelo.com,business-consulting,Clay Hagen,4130.0,2,Bobi,Gavrovski,,,
Shaun  Stanbridge,shaun.stanbridge@mpull.com,2,,2/20/2020,admin,,MPULL,South Africa,mp.accelo.com,digital-marketing,Tom Ryan,2000.0,2,Shaun,Stanbridge,,,
Paul Bowen,paul@terabyte.co.nz,3,Because you never reply to any of my questions/suggestions about the UX.,2/22/2020,professional,116466.0,Terabyte,New Zealand,terabyte.accelo.com,web-design,Clay Hagen,986.0,3,Paul,Bowen,,,
Anthony Ranucci,anthony@prospergroupcorp.com,3,too complex of a tool for an organization our size,2/19/2020,professional,,The Prosper Group,United States,prosper-group-corp.accelo.com,digital-marketing,Marie Barker,2530.0,3,Anthony,Ranucci,,,
Shayne Annett,shaynea@rmcg.com.au,4,,2/23/2020,professional,165280.0,RMCG,Australia,rmcg.accelo.com,business-consulting,Marie Barker,3381.0,4,Shayne,Annett,,,
Tim Dodds,tim.dodds@folks.com.au,4,,2/23/2020,professional,161528.0,Creative Folks IT,Australia,creative-folks.accelo.com,it-consulting,Amy Stewart,621.0,4,Tim,Dodds,,,
Ellie Bakker,ellie@splicemarketing.com.au,4,Pricing is a killer as is the lack of subtasks,2/23/2020,admin,105649.0,Splice Marketing,Australia,splicemarketingagency.accelo.com,digital-marketing,Marie Barker,623.0,4,Ellie,Bakker,,,
Trae Dantzler,tdantzler@knowlogix.com,4,"Accelo is very powerful but I find the use of each module a task in itself. If I have a task to create a quote, I should be able to launch the create quote directly from the task rather than close 
 that task, go do the work, and then come back... ",2/20/2020,admin,,Knowlogix,United States,knowlogix.accelo.com,it-consulting,Alexandra Mahoney,178.0,4,Trae,Dantzler,,,
Austin Fisk,afisk@mcanta.com,4,fuck off i want to see settings behind this thing,2/20/2020,admin,,MCANTA,United States,mcanta.accelo.com,it-consulting,Anthony Garrett,445.0,4,Austin,Fisk,,,
Lucy Arnold,lucy.arnold@nevisenvironmental.com,4,,2/20/2020,professional,,Nevis Environmental Limited,United Kingdom,nevis-environmental-limited.accelo.com,business-consulting,Clay Hagen,1157.0,4,Lucy,Arnold,,,
Marc-Andr? Dubois,madubois@renardsolutions.ca,5,,2/24/2020,professional,191389.0,Le Renard - Solutions Technologiques,Canada,renardsolutions.accelo.com,it-consulting,Cody Barr,712.0,5,Marc,Andr,Dubois,,
James Brown,james@journey.travel,5,,2/24/2020,admin,175254.0,Journey,United Kingdom,hmg.accelo.com,web-design,Tom Ryan,6004.0,5,James,Brown,,,
Hiten Shah,hashah@analytix.com,5,,2/24/2020,professional,165107.0,Analytix Business Solutions,India,analytix.accelo.com,accounting-practice,Tom Ryan,4428.0,5,Hiten,Shah,,,
Bernard Mangelsdorf,bernard@bitsgroup.com.au,5,,2/23/2020,admin,155230.0,BITS Technology Group,Australia,bits.accelo.com,it-consulting,Amy Stewart,1027.0,5,Bernard,Mangelsdorf,,,
Lee-Anne Molony,lee-anne@clearhorizon.com.au,5,too complex,2/23/2020,professional,,Clear Horizon Consulting,Australia,clearhorizon.accelo.com,other,Andrew Carter,2925.0,5,Lee,Anne,Molony,,
Chris Haines,chris.haines@clean-tech.com.au,5,,2/20/2020,professional,,Clean Technology Partners,Australia,clean-technology-partners.accelo.com,engineering,Amy Stewart,884.0,5,Chris,Haines,,,
Sarah Krup,sarahkrup@thrivemi.com,5,,2/20/2020,admin,,Thrive Market Intelligence,United States,thrivemi.accelo.com,business-consulting,Tom Ryan,267.0,5,Sarah,Krup,,,
Pierre Bourassa,pierre@umaknow.com,5,,2/20/2020,admin,,UMAknow,Canada,umaknow.accelo.com,it-consulting,Marie Barker,1540.0,5,Pierre,Bourassa,,,
Joe Hoani,Joe.Hoani@fp.co.nz,5,,2/23/2020,professional,,Fisher & Paykel Appliances,New Zealand,fisherpaykel.accelo.com,other,Amy Stewart,5106.0,5,Joe,Hoani,,,
Artwell Nyamugumura,anyamugumura@satorigroup.com.au,5,Reporting is not robust.,2/19/2020,professional,,Satori,Australia,satori.accelo.com,digital-marketing,Amy Stewart,2760.0,5,Artwell,Nyamugumura,,,
Christopher Sedlak,Christopher@rosewood.us.com,5,,2/19/2020,professional,,Rosewood Marketing,United States,rosewood.accelo.com,advertising-agency,Marie Barker,1380.0,5,Christopher,Sedlak,,,
Rex Smith,rex.smith@peri-usa.com,5,,2/21/2020,professional,,PERI USA,United States,peri-usa.accelo.com,engineering,Clay Hagen,4454.0,5,Rex,Smith,,,
Print_1 Mick,sales@thepaperco.com.au,5,,2/18/2020,lite,,The Paper company,Australia,thepaperco.accelo.com,other,,79.0,5,Print_1,Mick,,,
Jason Rainbird,jasonr@flowbird.co.uk,5,It does everything but nothing very well. Can't find an alternative though. ,2/18/2020,admin,,Flowbird Ltd,United Kingdom,flowbird.accelo.com,digital-marketing,,264.0,5,Jason,Rainbird,,,
Dave Wood,dave.wood@270net.com,5,,2/18/2020,professional,,EMAT,United States,emat.accelo.com,web-design,,445.0,5,Dave,Wood,,,
Divyang Sharma,dbsharma@analytix.com,6,,2/24/2020,professional,165107.0,Analytix Business Solutions,India,analytix.accelo.com,accounting-practice,Tom Ryan,4428.0,6,Divyang,Sharma,,,
Anthony Petterson,anthony@honepd.com,6,,2/23/2020,admin,163194.0,Hone PD,Australia,hone-pd.accelo.com,engineering,,220.0,6,Anthony,Petterson,,,
Ryan Williams,rwilliams@addedinnovation.com,6,,2/21/2020,professional,157881.0,Added Innovation,United States,ai.accelo.com,it-consulting,Clay Hagen,395.0,6,Ryan,Williams,,,
Matthew Lee,Matthew.Lee@addenergy.no,6,,2/21/2020,professional,142723.0,Add Energy,United Kingdom,add-energy.accelo.com,engineering,Tom Ryan,5780.0,6,Matthew,Lee,,,
Alex Sims,Alex.Sims@iptel.com.au,6,,2/20/2020,professional,183460.0,IPTel Solutions,Australia,iptel-solutions.accelo.com,engineering,Tom Ryan,1659.0,6,Alex,Sims,,,
Nicole Pence,nicole@alignright.tech,6,,2/20/2020,professional,,Align Right Technologies,United States,alignright.accelo.com,it-consulting,Alexandra Mahoney,267.0,6,Nicole,Pence,,,
Benjamin Arnold,benjamin@expertinternetmarketing.com,6,,2/20/2020,professional,,Expert Internet Marketing,United States,expertim.accelo.com,digital-marketing,Amy Stewart,890.0,6,Benjamin,Arnold,,,
Anthony Innarella,anthony@adaptingsocial.com,6,,2/20/2020,professional,,Adapting Social,United States,adapting-social.accelo.com,digital-marketing,Marie Barker,986.0,6,Anthony,Innarella,,,
Myla Marcos,mmarcos@satorigroup.com.au,6,easy to navigate but you couldnt find what you need right away,2/19/2020,admin,,Satori,Australia,satori.accelo.com,digital-marketing,Amy Stewart,2760.0,6,Myla,Marcos,,,
Maurice Mostert,maurice.mostert@mining-plus.com,6,,2/21/2020,professional,,Mining Plus,Canada,miningplus.accelo.com,business-consulting,Tom Ryan,7543.5,6,Maurice,Mostert,,,
David Ligtenberg,david@itagmedia.com,6,Only just started using the platform so at this stage too early to tell. ,2/18/2020,admin,,Itag Media,Australia,itagmedia.accelo.com,digital-marketing,Lee Weinberger,267.0,6,David,Ligtenberg,,,
Charles Conley,cconley@datatex.net,6,,2/18/2020,admin,,Datatex Computer Services,United States,datatex-computer-services.accelo.com,ninjarmm,Ninja Billing,100.0,6,Charles,Conley,,,
Hung Lai,hung@prentow.com,7,,2/23/2020,admin,94292.0,Prentow Solutions A/S,Vietnam,prentow.accelo.com,it-consulting,Tom Ryan,474.0,7,Hung,Lai,,,
John Hizer,jhizer@dhglabe.com,7,,2/24/2020,professional,166363.0,DH Glabe & Associates,United States,dhglabe.accelo.com,engineering,Marie Barker,897.0,7,John,Hizer,,,
David Chamberlain,dchamberlain@ptssolutions.com,7,,2/24/2020,professional,175769.0,PTS Solutions Inc,United States,pts-solutions.accelo.com,web-design,Marie Barker,986.0,7,David,Chamberlain,,,
Lucio Tilman,lucio.tilman@miningplus.com.au,7,,2/21/2020,professional,177556.0,Mining Plus,Australia,miningplus.accelo.com,business-consulting,Tom Ryan,7597.0,7,Lucio,Tilman,,,
Laura Kelly,laura.kelly@dgauge.co.uk,7,,2/24/2020,professional,168832.0,DGauge,United Kingdom,dgauge-limited.accelo.com,engineering,Clay Hagen,1173.0,7,Laura,Kelly,,,
Skye Trudgett,skye@clearhorizon.com.au,7,,2/23/2020,professional,208370.0,Clear Horizon Consulting,Australia,clearhorizon.accelo.com,other,Andrew Carter,2925.0,7,Skye,Trudgett,,,
Ben Auld,ben.auld@miningplus.com.au,7,,2/21/2020,admin,177556.0,Mining Plus,Australia,miningplus.accelo.com,business-consulting,Tom Ryan,7597.0,7,Ben,Auld,,,
Michelle Brien,michelle@salple.com,7,,2/23/2020,admin,153785.0,Directives Enterprises Pty. Ltd. trading as Salple,Australia,salple.accelo.com,business-consulting,,48.0,7,Michelle,Brien,,,
Julian Kearney,julian@brandchemistry.com.au,7,Pretty good but could always be better,2/23/2020,professional,182047.0,Brand chemistry,Australia,brand-chemistry.accelo.com,digital-marketing,Tom Ryan,828.0,7,Julian,Kearney,,,
Michael Mazzaferro,michael@bestpracticecertification.com.au,7,,2/23/2020,professional,157856.0,Best Practice Certification,Australia,bestpractice.accelo.com,business-consulting,Amy Stewart,1932.0,7,Michael,Mazzaferro,,,
Newlin Jolme,njolme@integr8tiv.com,7,,2/23/2020,admin,126028.0,integr8tiv,Australia,integr8tiv.accelo.com,it-consulting,Marie Barker,195.0,7,Newlin,Jolme,,,
Paolo Tomasone,paolo.tomasone@mining-plus.com,7,,2/21/2020,professional,177556.0,Mining Plus,Canada,miningplus.accelo.com,business-consulting,Tom Ryan,7543.5,7,Paolo,Tomasone,,,
Bj?rn Frank,bjoern.frank@kaiser-x.com,7,,2/21/2020,admin,199938.0,Kaiser X Labs,Germany,kaiserxlabs.accelo.com,it-consulting,Marie Barker,4182.0,7,Bj,rn,Frank,,
Mary LeMier,mlemier@dlengineer.com,7,,2/21/2020,admin,184150.0,DL Engineering Inc,United States,dl-engineering.accelo.com,it-consulting,Andrew Carter,442.0,7,Mary,LeMier,,,
Michael Felczak,michael.pkp@gmail.com,7,,2/20/2020,admin,,Public Knowledge Project,Canada,pkp.accelo.com,it-consulting,Tom Ryan,663.0,7,Michael,Felczak,,,
Michael Doom,m.doom@meliopus.be,7,"could be easier, but works fine.. a zeven it is",2/20/2020,contractor,,Meliopus,Belgium,meliopus.accelo.com,business-consulting,,356.0,7,Michael,Doom,,,
Paul Thewlis,paulthewlis@webintelligenz.com,7,,2/19/2020,admin,,Web Intelligenz,Australia,webintelligenz.accelo.com,digital-marketing,,356.0,7,Paul,Thewlis,,,
Melissa Borody,melissa@vividus.com.au,7,,2/19/2020,admin,,Vividus,Australia,vividus.accelo.com,advertising-agency,Tom Ryan,395.0,7,Melissa,Borody,,,
Mark Brawn,mark@dynamo6.com,7,,2/19/2020,professional,,Dynamo6,New Zealand,dynamo6.accelo.com,it-consulting,Amy Stewart,1242.0,7,Mark,Brawn,,,
Mick Maillot,Mick.Maillot@TowardZero.com,7,,2/19/2020,admin,,Toward Zero Co.,United States,towardzero.accelo.com,it-consulting,Clay Hagen,414.0,7,Mick,Maillot,,,
Micah Thurlow,micah@onebuttoncontrol.com,7,"It works pretty good, has a few rough patches and it's a heavy lift to get started.",2/19/2020,admin,,One Button Control,United States,onebuttoncontrol.accelo.com,web-design,Josh Benson,395.0,7,Micah,Thurlow,,,
Mary Gordon,gordon@pacificsws.com,7,,2/18/2020,professional,,Pacific Stormwater,United States,pacificstormwater.accelo.com,engineering,Anthony Garrett,414.0,7,Mary,Gordon,,,
Adam Mora,amora@dhglabe.com,8,,2/24/2020,professional,166363.0,DH Glabe & Associates,United States,dhglabe.accelo.com,engineering,Marie Barker,897.0,8,Adam,Mora,,,
Birger Celis,bcelis@ccsautomations.com,8,Mobile Phone App is difficult to use. ,2/24/2020,professional,198235.0,"CCS, LLC",United States,cintron-consultant-services.accelo.com,engineering,Tom Ryan,483.0,8,Birger,Celis,,,
John Noone,john@thedigitalbakery.ie,8,Very impressed - but better support needed  - like live chat,2/24/2020,admin,207990.0,The Digital Bakery,Ireland,the-digital-bakery.accelo.com,digital-marketing,Anthony Garrett,483.0,8,John,Noone,,,
Mark Laursen,mla@pl-partners.dk,8,,2/24/2020,professional,205214.0,PL & Partners,Denmark,plpartners.accelo.com,advertising-agency,Cody Barr,1518.0,8,Mark,Laursen,,,
Michelle Di Condio,michelle@frysenergywise.com.au,8,,2/24/2020,admin,194929.0,Frys Energywise,Australia,frysenergywise.accelo.com,engineering,Cody Barr,623.0,8,Michelle,Di,Condio,,
Brian Breneman,bbreneman@dgnadvisory.com,8,,2/24/2020,admin,188614.0,"DGN Advisory, LLC",United States,dgn-advisory-group.accelo.com,business-consulting,,534.0,8,Brian,Breneman,,,
Linda Di Girolamo,linda@bevoke.com.au,8,Gets the job done but has limitations.,2/23/2020,professional,123015.0,Bevoke,Australia,bevoke.accelo.com,business-consulting,,267.0,8,Linda,Di,Girolamo,,
Adrian Clark,adrian@assurancehr.com.au,8,,2/23/2020,admin,181777.0,Assurance HR Management,Australia,assurance-hr-management.accelo.com,business-consulting,,267.0,8,Adrian,Clark,,,
Karen Lee,karen@theideashatchery.com.au,8,Overall its a good tool but it's taken time to realise its capacity and customise it to suit our needs plus there are some features which are annoying.,2/23/2020,professional,208361.0,The Ideas Hatchery,Australia,theideashatchery.accelo.com,advertising-agency,Anna Wagener,306.0,8,Karen,Lee,,,
Steve Douce,steve@metisde.com.au,8,,2/23/2020,admin,198555.0,METIS Design & Engineering,Australia,metis-design-engineering.accelo.com,business-consulting,Alexandra Mahoney,399.0,8,Steve,Douce,,,
Paul Tormey,Paul.Tormey@fp.co.nz,8,,2/23/2020,professional,172712.0,Fisher & Paykel Appliances,New Zealand,fisherpaykel.accelo.com,other,Amy Stewart,5106.0,8,Paul,Tormey,,,
Corey Birkmann,corey@rebel-interactive.com,8,,2/21/2020,admin,95331.0,REBEL INTERACTIVE,United States,rebel.accelo.com,web-design,,144.0,8,Corey,Birkmann,,,
"Michael Cashins, CIH",mrcashins@cashins.com,8,"It works great but there is some polish needed in the UI, improvements in formatting quotes and more flexibility in projects. There is a great learner using curve due to complexity and not knowing what to press to get to what is needed. ",2/21/2020,admin,207399.0,Cashins & Associates Inc,United States,cashins.accelo.com,business-consulting,Alexandra Mahoney,452.0,8,Michael,Cashins,CIH,,
Nii Otu,Nii.Otu@peri-usa.com,8,,2/21/2020,professional,179091.0,PERI USA,United States,peri-usa.accelo.com,engineering,Clay Hagen,4454.0,8,Nii,Otu,,,
Bronwin Freke,bronwin@henryreed.com.au,8,,2/20/2020,professional,202176.0,HENRY REED,Australia,henry-reed.accelo.com,business-consulting,,207.0,8,Bronwin,Freke,,,
Mark Bayly,m.bayly@bayly.com.au,8,There are still long standing things that I would like to see changed and your voting for chnages and communication around improvements and changes is not well implemented. That's about it. Still.....,2/20/2020,admin,100969.0,Bayly Group,Australia,bayly.accelo.com,other,,345.0,8,Mark,Bayly,,,
David Wynn,david@centuriasolutions.com.au,8,,2/20/2020,admin,,Centuria Solutions,Australia,centuriasolutions.accelo.com,business-consulting,Marie Barker,267.0,8,David,Wynn,,,
Sue Knies,sue.knies@solarity.com,8,,2/20/2020,professional,,Solarity,United States,solarity.accelo.com,business-consulting,Marie Barker,748.0,8,Sue,Knies,,,
Jainam  Adani,jmadani@analytix.com,8,,2/24/2020,professional,,Analytix Business Solutions,India,analytix.accelo.com,accounting-practice,Tom Ryan,4428.0,8,Jainam,Adani,,,
Flavia Cabanne,flavia@edgeonline.com.au,8,Just wish I could do a bit more with integrations to automate between different platforms,2/19/2020,professional,,Edge Marketing,Australia,edgeonline.accelo.com,digital-marketing,Amy Stewart,900.0,8,Flavia,Cabanne,,,
Sven Lancaster,sven@lancasterconsulting.org,8,,2/19/2020,admin,,Lancaster Consulting Australia,Australia,lancasterconsulting.accelo.com,business-consulting,Amy Stewart,827.76,8,Sven,Lancaster,,,
Martin Briggs,martin@handbuiltbrands.com,8,,2/19/2020,professional,,HandBuiltBrands,United States,handbuiltbrands.accelo.com,digital-marketing,,534.0,8,Martin,Briggs,,,
Nike Sharma,nike.sharma@nzcel.co.nz,8,Its good but there is things that it's kind of not accurate. ,2/19/2020,admin,,NZCEL,New Zealand,nzcel.accelo.com,engineering,Amy Stewart,1656.0,8,Nike,Sharma,,,
Brian Houze,Brian.Houze@willowtreeapps.com,8,,2/19/2020,professional,,"WillowTree, LLC",United States,willowtree.accelo.com,web-design,Tom Ryan,14610.0,8,Brian,Houze,,,
Frans Herle,frans.herle@salt.na,8,,2/18/2020,admin,,Salt Essential Information Technology (PTY) Ltd,Namibia,salt-essential-it.accelo.com,it-consulting,Tom Ryan,572.0,8,Frans,Herle,,,
Duncan McClure,duncan@officeshed.com.au,9,,2/24/2020,admin,122935.0,Office Shed,Australia,officeshed.accelo.com,accounting-practice,Anthony Garrett,312.0,9,Duncan,McClure,,,
Pallavi  Sontakke,pallavi.sontakke@2ndquadrant.com,9,,2/23/2020,professional,142638.0,2ndQuadrant Ltd,India,2ndquadrant.accelo.com,it-consulting,Tom Ryan,2080.0,9,Pallavi,Sontakke,,,
Clive Smith,clive.smith@planetsupport.co.uk,9,,2/23/2020,admin,212221.0,Planet Support,United Kingdom,planet.accelo.com,architecture,Andrew Carter,195.0,9,Clive,Smith,,,
Alissa Byrne,alissa@oddballmarketing.com.au,9,,2/23/2020,professional,129453.0,Oddball Marketing,Australia,oddball.accelo.com,unknown,Clay Hagen,869.0,9,Alissa,Byrne,,,
Joe Gitchell,jgitchell@pinneyassociates.com,9,,2/22/2020,admin,116991.0,Pinney Associates,United States,pinney-associates.accelo.com,business-consulting,Tom Ryan,2291.0,9,Joe,Gitchell,,,
Stuart Watson,swatson@leapit.co.uk,9,,2/21/2020,admin,118097.0,Leap IT Ltd,United Kingdom,leapit.accelo.com,it-consulting,Marie Barker,1003.0,9,Stuart,Watson,,,
Luisa Cardona,luisa.cardona@aventri.com,9,,2/21/2020,professional,130805.0,Aventri,United States,aventri.accelo.com,business-consulting,Tom Ryan,5796.0,9,Luisa,Cardona,,,
C.J. Westrick,cj@hrjungle.com,9,,2/20/2020,admin,174193.0,HR Jungle,United States,hr-jungle.accelo.com,business-consulting,Marie Barker,256.0,9,C,J,Westrick,,
Josh Hay,josh@hellodigital.marketing,9,,2/20/2020,admin,,Hello Digital Marketing Limited,Canada,hellodigital.accelo.com,digital-marketing,,195.0,9,Josh,Hay,,,
Vince Rao,VRao@patchnet.net,9,,2/20/2020,professional,,"Patchnet, Inc.",India,patchnet-inc.accelo.com,it-consulting,Tom Ryan,801.0,9,Vince,Rao,,,
Andy Neilson,andy.neilson@spidex.co.uk,9,,2/20/2020,professional,,Spidex Software Limited,United Kingdom,spidexsoftware.accelo.com,web-design,Andrew Carter,408.0,9,Andy,Neilson,,,
Conor Sullivan,c.sullivan@gemenergy.com.au,9,,2/20/2020,professional,,GEM Energy,Australia,gem-energy.accelo.com,other,Tom Ryan,2904.0,9,Conor,Sullivan,,,
Laura Hagi,laurah@p4.com.au,9,,2/23/2020,professional,,P4 Group,Australia,p4-group.accelo.com,public-relations,Amy Stewart,1518.0,9,Laura,Hagi,,,
Aran Eversman,aran@mellowest.co,9,,2/19/2020,admin,,Mellowest,United States,mellowest.accelo.com,digital-marketing,,89.0,9,Aran,Eversman,,,
M?rton Sebesty?n,sebestyen.marton@seolab.hu,9,,2/19/2020,admin,,Online Capital,Hungary,onlinecapital.accelo.com,digital-marketing,Tom Ryan,552.0,9,M,rton,Sebesty,n,
MacCullagh J. Corcoran,mcorcoran@dgnadvisory.com,10,,2/24/2020,admin,188614.0,"DGN Advisory, LLC",United States,dgn-advisory-group.accelo.com,business-consulting,,534.0,10,MacCullagh,J,Corcoran,,
Tim McDaris,timmcdaris@helixmail.com,10,,2/24/2020,professional,164315.0,Helix Business Solutions,United States,helix.accelo.com,it-consulting,Clay Hagen,4005.0,10,Tim,McDaris,,,
Matthew Lenoir,mlenoir@xceedit.com,10,,2/24/2020,professional,179914.0,"XceedIT, Inc.",United States,xceedit.accelo.com,it-consulting,Kyra Rehman,276.0,10,Matthew,Lenoir,,,
CAMILA ALDANA,asistente.miami@monahanmijares.com,10,,2/24/2020,professional,127572.0,"Monahan-Mijares CPA, PA",United States,monahan.accelo.com,accounting-practice,Marie Barker,782.0,10,CAMILA,ALDANA,,,
Cindy Liu,cindyl@roobix.com.au,10,,2/20/2020,professional,195197.0,Roobix,Australia,roobixau.accelo.com,other,Amy Stewart,4209.0,10,Cindy,Liu,,,
Chantelle L?tter,chantelle@makrosafe.co.za,10,,2/24/2020,professional,170289.0,MAKROSAFE Holdings (Pty) Ltd,South Africa,makrosafe-holdings.accelo.com,business-consulting,Tom Ryan,3468.0,10,Chantelle,L,tter,,
Pranav Shah,pkshah@analytix.com,10,a,2/24/2020,professional,165107.0,Analytix Business Solutions,India,analytix.accelo.com,accounting-practice,Tom Ryan,4428.0,10,Pranav,Shah,,,
Amanda Engler,amanda@amandavenglerllc.com,10,,2/24/2020,admin,188614.0,"DGN Advisory, LLC",United States,dgn-advisory-group.accelo.com,business-consulting,,534.0,10,Amanda,Engler,,,
MAKROSAFE Contact,contact@makrosafe.co.za,10,,2/24/2020,contractor,170289.0,MAKROSAFE Holdings (Pty) Ltd,South Africa,makrosafe-holdings.accelo.com,business-consulting,Tom Ryan,3468.0,10,MAKROSAFE,Contact,,,
Peter Johnson,peter@metisde.com.au,10,,2/23/2020,admin,198555.0,METIS Design & Engineering,Australia,metis-design-engineering.accelo.com,business-consulting,Alexandra Mahoney,399.0,10,Peter,Johnson,,,
Lauren Ludik,laurenl@p4.com.au,10,,2/23/2020,admin,211583.0,P4 Group,Australia,p4-group.accelo.com,public-relations,Amy Stewart,1518.0,10,Lauren,Ludik,,,
Mayur Chauhan,mayurc@coxtech.com,10,,2/23/2020,professional,97815.0,COXTECH,Australia,coxtech.accelo.com,it-consulting,Clay Hagen,552.0,10,Mayur,Chauhan,,,
Jiewen Deng,jiewen@gamcorp.com.au,10,,2/23/2020,professional,110586.0,Gamcorp (Melbourne) Pty Ltd,Australia,gamcorp.accelo.com,engineering,Amy Stewart,1422.0,10,Jiewen,Deng,,,
Craig Smith,craigs@sensum.com.au,10,,2/23/2020,professional,153922.0,Sensum,Australia,bhapm.accelo.com,business-consulting,Amy Stewart,1258.0,10,Craig,Smith,,,
Khoi Vu,khoi@prentow.com,10,g,2/23/2020,admin,94292.0,Prentow Solutions A/S,Vietnam,prentow.accelo.com,it-consulting,Tom Ryan,474.0,10,Khoi,Vu,,,
Jade Hendriks,jade@rubycube.com.au,10,,2/22/2020,admin,127283.0,Rubycube Consulting,United States,rubycube.accelo.com,accounting-practice,,158.0,10,Jade,Hendriks,,,
Dave Hazan,dave@nysunworks.org,10,,2/22/2020,admin,177497.0,NY Sun Works,United States,nysw.accelo.com,other,Marie Barker,768.0,10,Dave,Hazan,,,
James Dziemianzuk,james.dziemianzuk@acktivate.com,10,,2/21/2020,contractor,,"Acktivate Digital Marketing, LLC",United States,acktivate.accelo.com,digital-marketing,Tom Ryan,79.0,10,James,Dziemianzuk,,,
Daniel LeMier,dlemier@dlengineer.com,10,,2/21/2020,admin,184150.0,DL Engineering Inc,United States,dl-engineering.accelo.com,it-consulting,Andrew Carter,442.0,10,Daniel,LeMier,,,
Emily Munday,emily@culinex.biz,10,,2/21/2020,professional,163298.0,CuliNex,United States,culinex.accelo.com,other,Marie Barker,474.0,10,Emily,Munday,,,
Jeroen Marchand,info@knaponline.nl,10,,2/21/2020,admin,211808.0,Knap Online,Netherlands,knaponline.accelo.com,digital-marketing,,88.0,10,Jeroen,Marchand,,,
Chris Geiger,chrisg@channelbakers.com,10,,2/21/2020,admin,196547.0,Channel Bakers,United States,channelbakers.accelo.com,digital-marketing,Alexandra Mahoney,3372.0,10,Chris,Geiger,,,
Rosio Barriga,rosio@brickmoondesign.com,10,,2/21/2020,professional,171761.0,Brickmoon Design,United States,brickmoondesign.accelo.com,architecture,Clay Hagen,880.0,10,Rosio,Barriga,,,
Joshua Alexander,jalexander@wileycpafl.com,10,,2/21/2020,professional,189894.0,Wileycpa,United States,wileycpa.accelo.com,accounting-practice,Marie Barker,474.0,10,Joshua,Alexander,,,
Nate Davis,ndavis@crossroadit.com,10,,2/21/2020,admin,176638.0,"Crossroad IT, Inc.",United States,crossroadit.accelo.com,it-consulting,Clay Hagen,237.0,10,Nate,Davis,,,
Tyler Mannix,t.mannix@roobix.com.au,10,,2/20/2020,professional,195197.0,Roobix,South Africa,roobixau.accelo.com,other,Amy Stewart,4209.0,10,Tyler,Mannix,,,
Andrew McClatchy,andrew@muhlenhaupt.com,10,,2/19/2020,professional,175528.0,Muhlenhaupt + Company,United States,muhlenhaupt.accelo.com,digital-marketing,Marie Barker,1104.0,10,Andrew,McClatchy,,,
Mia Mckeown,mmckeown@researchbods.com,10,,2/20/2020,professional,,Researchbods Online Limited,United Kingdom,researchbods-online-limited.accelo.com,legal-practice,Clay Hagen,5372.0,10,Mia,Mckeown,,,
Heidi Breton,heidi.breton@aci-340b-management.com,10,,2/20/2020,admin,,ACI 340B Management,United States,aci-340b-management.accelo.com,other,Alexandra Mahoney,272.0,10,Heidi,Breton,,,
Perry Sharma,psharma@r3inc.com,10,,2/20/2020,professional,,R3,India,r3.accelo.com,it-consulting,Ninja Billing,1264.0,10,Perry,Sharma,,,
Matthew Baptiste,mbaptiste@sylint.com,10,,2/20/2020,professional,,Sylint Group,United States,sylint.accelo.com,it-consulting,Marie Barker,1850.0,10,Matthew,Baptiste,,,
Richard  Watrous,r.watrous@gemenergy.com.au,10,,2/20/2020,professional,,GEM Energy,Australia,gem-energy.accelo.com,other,Tom Ryan,2904.0,10,Richard,Watrous,,,
Dylan Morgan,dylan@propdata.net,10,,2/19/2020,professional,,Prop Data,South Africa,prop-data.accelo.com,digital-marketing,Marie Barker,736.0,10,Dylan,Morgan,,,
Rob Leong,robleong@amplifyadvisors.ca,10,,2/19/2020,professional,,Amplify Advisors Inc.,Canada,amplify-advisors.accelo.com,accounting-practice,Anna Wagener,552.0,10,Rob,Leong,,,
Melissa Loparco,MLoparco@catalystmc.com,10,,2/19/2020,professional,,"Catalyst Marketing Communications, Inc.",United States,catalystmc.accelo.com,digital-marketing,Marie Barker,552.0,10,Melissa,Loparco,,,
Rip Muhlenhaupt,rip@muhlenhaupt.com,10,Extremely useful and effective.,2/19/2020,admin,,Muhlenhaupt + Company,United States,muhlenhaupt.accelo.com,digital-marketing,Marie Barker,1104.0,10,Rip,Muhlenhaupt,,,
Geramie Dizon,gdizon@hottsolutions.com,10,,2/19/2020,professional,,Hott Solutions Corp,United States,hottsolutions.accelo.com,it-consulting,Marie Barker,1896.0,10,Geramie,Dizon,,,
Jennifer Stanley,jennifer.stanley@flexigen.co,10,,2/18/2020,admin,,Flexigen,Australia,flexigen.accelo.com,engineering,Marie Barker,474.0,10,Jennifer,Stanley,,,
Benjamin G. Saxe,ben@studiosaxe.com,10,,2/18/2020,admin,,Studio Saxe S.A,Costa Rica,studio-saxesa.accelo.com,it-consulting,Anthony Garrett,897.0,10,Benjamin,G,Saxe,,
Luisa Espinosa,luisa.espinosa@trans4mative.com,10,,2/18/2020,admin,,Trans4mative Advisors,United States,t4.accelo.com,business-consulting,Clay Hagen,872.0,10,Luisa,Espinosa,,,
